<?xml version="1.0" encoding="UTF-8"?>
<Configuration status="error" packages="com.amazonaws.services.lambda.runtime.log4j2.LambdaAppender">
    <Appenders>
        <Lambda name="Lambda">
            <PatternLayout>
                <pattern>%d{yyyy-MM-dd HH:mm:ss} %X{AWSRequestId} %-5p [%t] %c : %m%n</pattern>
            </PatternLayout>
        </Lambda>
    </Appenders>
    <Loggers>
        <Root level="INFO">
            <AppenderRef ref="Lambda" />
        </Root>
    </Loggers>
</Configuration>